{
  "Owner": [
    {
      "id": 1,
      "name": "Sebastian",
      "number": 254674,
      "email": "sebastian@javatpoint.com",
      "password": "seb"
    },
    {
      "id": 2,
      "name": "rashmi",
      "number": 98764,
      "email": "rashmi@javatpoint.com",
      "password": "ras"
    },
    {
      "id": "545"
    },
    {
      "id": "baba",
      "number": "988",
      "email": "ba@123",
      "password": "ba"
    },
    {
      "id": "baba2",
      "number": "5678998",
      "email": "bana@2",
      "password": "baba2"
    },
    {
      "id": "8765",
      "name": "rashmi1",
      "number": "8755",
      "email": "r2@12",
      "password": "rea"
    },
    {
      "id": "6566",
      "name": "damini",
      "number": "998877",
      "email": "dami@1.j",
      "password": "dam"
    },
    {
      "id": "65",
      "name": "iirr",
      "number": "7665",
      "email": "ra@12",
      "password": "ii"
    },
    {
      "id": "z9f5XLN"
    },
    {
      "id": "HJdhNFD"
    },
    {
      "id": "aFyR9_U"
    },
    {
      "id": "ftboVBA"
    },
    {
      "id": "yhO-8yu"
    },
    {
      "id": "I--rsMV"
    },
    {
      "id": "cC8ulnm"
    },
    {
      "id": "YZzWeu9"
    },
    {
      "id": "mk2PQmn"
    },
    {
      "id": "d5BcBLV"
    },
    {
      "id": "9",
      "name": "uuy",
      "number": "0",
      "email": "rae@1",
      "password": "rae"
    },
    {
      "id": "LnqTido"
    },
    {
      "id": "G8tHcAH"
    },
    {
      "id": "Ee2Z3VJ"
    },
    {
      "id": "655",
      "name": "trr",
      "number": "uyt",
      "email": "ytt@1",
      "password": "ert"
    },
    {
      "id": "KiD-kjX"
    },
    {
      "id": "876",
      "name": "rashmi",
      "number": "987",
      "email": "ret@1",
      "password": "pass"
    },
    [
      {}
    ]
  ],
  "comments": [
    {
      "id": 1,
      "body": "some comment",
      "postId": 1
    }
  ],
  "register": [
    {
      "id": "6566",
      "name": "damini",
      "number": "998877",
      "email": "dami@1.j",
      "password": "dam"
    },
    {
      "id": "8765",
      "name": "rashmi1",
      "number": "8755",
      "email": "r2@12",
      "password": "rea"
    },
    {
      "id": "tr",
      "name": "d",
      "email": "r@1",
      "password": "r"
    },
    {
      "id": "rahul1@",
      "name": "uts",
      "email": "uts@12",
      "password": "uts"
    },
    {
      "id": "new1",
      "name": "new",
      "email": "new@12",
      "password": "new"
    },
    {
      "id": "acMxcBp"
    }
  ],
  "visit": [
    {
      "vid": 2,
      "cname": "Stri",
      "address": "uyt",
      "country": "rrr",
      "state": "nd",
      "city": "nd",
      "price": 2,
      "totalslots": 6,
      "availableslots": 8,
      "Owner": {
        "id": 3,
        "name": "tt",
        "number":54,
        "email": "ra@1",
        "password": "432oo"
      }
    },
    {
      "vid": 2666,
      "cname": "Stri9999",
      "address": "uytjggnnv",
      "country": "rrrrrrrrrrll",
      "state": "ndNy",
      "city": "nttyd",
      "price": 87652,
      "totalslots": 666,
      "availableslots": 87888,
      "Owner": {
        "id": 3333,
        "name": "tttttt",
        "number":34,
        "email": "raaaaa@1",
        "password": "432oooooo"
      }
    }
  ],
   

  "booking": [
    {
      "_id": 2,
      "visit": {
        "vid": 2666,
      "cname": "Stri9999",
      "address": "uytjggnnv",
      "country": "rrrrrrrrrrll",
      "state": "ndNy",
      "city": "nttyd",
      "price": 87652,
      "totalslots": 666,
      "availableslots": 87888
      },
      "Owner": {
        "id": 3,
        "name": "rashmi",
        "number":23,
        "email":"ras@"
      },
      "bookingStartTime":"23/45/8908",
      "bookingEndTime":"23/65/8908"
    }
  ],
  "pet":[ {
    "petName": "dog",
    "breed": "bb",
    "birthDate": "vv"
  },
  {"petName": "new",
  "breed": "cc",
  "birthDate": "tt"}],

  "signin": [
    {
      "name": "damini",
      "password": "dam"
    },
    {
      "id": "8765",
      "name": "rashmi1",
      "password": "rea"
    },
    {
      "id": "29DxP6W"
    },
    {
      "id": "OPDLBBc"
    },
    {
      "id": "glfUIqd"
    },
    {
      "id": "0WJ8gCV"
    },
    {
      "id": "w7EuJAj"
    },
    {
      "name": "tr",
      "password": "34d",
      "id": "erMWPyg"
    },
    {
      "name": "uts",
      "password": "uts",
      "id": "vFQmBlN"
    },
    {
      "name": "uts",
      "password": "uts",
      "id": "CkR4hxN"
    },
    {
      "name": "rashmi",
      "password": "ra",
      "id": "yfJ7jan"
    },
    {
      "name": "rashmi",
      "password": "ra",
      "id": "tX0kmoz"
    },
    {
      "name": "rashmi",
      "password": "ra",
      "id": "D4n6EWu"
    },
    {
      "name": "uts",
      "password": "r",
      "id": "61fDz2U"
    },
    {
      "name": "uts",
      "password": "g",
      "id": "CcJQUww"
    },
    [],
    {
      "id": "OBgcY7q"
    },
    {
      "name": "re",
      "password": "re",
      "id": "MjD3Nis"
    },
    {
      "name": "re",
      "password": "re",
      "id": "6Q1PS6q"
    },
    {
      "id": "V4a1xPK"
    },
    {
      "id": "Nxdln7y"
    },
    {
      "id": "q1b8-Y-"
    },
    []
  ]
}