{"owner": [  
    {  
      "id": 1,  
      "name": "Sebastian",
      "number":254674,
      "email": "sebastian@javatpoint.com" ,
      "password":"rashmi" 
    },  
    {  
        "id": 2,  
        "name": "Sasuke",
        "number":9876,
        "email": "sasuke@javatpoint.com" ,
        "password":"pan"  
    }  ],

    "signin": [  
      {  
         
        "name": "Sebastian",
      
        "password":"rashmi" 
      },  
      {  
          "id": 2,  
          
          "password":"pan"  
      }  ]}