{
  "owner": [
    {
      "id": 1,
      "name": "Sebastian",
      "number": 254674,
      "email": "sebastian@javatpoint.com",
      "password": "seb"
    },
    {
      "id": 2,
      "name": "rashmi",
      "number": 98764,
      "email": "rashmi@javatpoint.com",
      "password": "ras"
    },
    {
      "id": "545"
    },
    {
      "id": "baba",
      "number": "988",
      "email": "ba@123",
      "password": "ba"
    },
    {
      "id": "baba2",
      "number": "5678998",
      "email": "bana@2",
      "password": "baba2"
    },
    {
      "id": "8765",
      "name": "rashmi1",
      "number": "8755",
      "email": "r2@12",
      "password": "rea"
    },
    {
      "id": "6566",
      "name": "damini",
      "number": "998877",
      "email": "dami@1.j",
      "password": "dam"
    },
    {
      "id": "65",
      "name": "iirr",
      "number": "7665",
      "email": "ra@12",
      "password": "ii"
    }
  ],
  "comments": [
    {
      "id": 1,
      "body": "some comment",
      "postId": 1
    }
  ],
  "register": [
    {
      "id": "6566",
      "name": "damini",
      "number": "998877",
      "email": "dami@1.j",
      "password": "dam"
    },
    {
      "id": "8765",
      "name": "rashmi1",
      "number": "8755",
      "email": "r2@12",
      "password": "rea"
    },
    {
      "id": "tr",
      "name": "d",
      "email": "r@1",
      "password": "r"
    },
    {
      "id": "rahul1@",
      "name": "uts",
      "email": "uts@12",
      "password": "uts"
    },
    {
      "id": "new1",
      "name": "new",
      "email": "new@12",
      "password": "new"
    },
    {
      "id": "acMxcBp"
    }
  ],
  "profile": {
    "name": "typicode"
  },
  "signin": [
    {
      "name": "damini",
      "password": "dam"
    },
    {
      "id": "8765",
      "name": "rashmi1",
      "password": "rea"
    },
    {
      "id": "29DxP6W"
    },
    {
      "id": "OPDLBBc"
    },
    {
      "id": "glfUIqd"
    },
    {
      "id": "0WJ8gCV"
    },
    {
      "id": "w7EuJAj"
    },
    {
      "name": "tr",
      "password": "34d",
      "id": "erMWPyg"
    }
  ]
}